{"cameraMode":{"drawMode":0,"name":"Shaded","section":"Shading Mode"},"sceneLighting":false,"audioPlay":false,"sceneViewState":{"m_AlwaysRefresh":false,"showFog":true,"showSkybox":false,"showFlares":true,"showImageEffects":true,"showParticleSystems":true,"showVisualEffectGraphs":true,"m_FxEnabled":true},"in2DMode":false,"pivot":{"x":-3.166079521179199,"y":32.190975189208987,"z":29.172138214111329},"rotation":{"x":0.01789158023893833,"y":0.9819136261940002,"z":-0.14299249649047852,"w":0.12288520485162735},"size":0.8660253882408142,"orthographic":false}