{"cameraMode":{"drawMode":0,"name":"Shaded","section":"Shading Mode"},"sceneLighting":true,"audioPlay":false,"sceneViewState":{"m_AlwaysRefresh":false,"showFog":true,"showSkybox":true,"showFlares":true,"showImageEffects":true,"showParticleSystems":true,"showVisualEffectGraphs":true,"m_FxEnabled":true},"in2DMode":false,"pivot":{"x":2.695068836212158,"y":-0.6233988404273987,"z":0.2111268937587738},"rotation":{"x":0.28382906317710879,"y":0.3378027379512787,"z":-0.1076015904545784,"w":0.8909502625465393},"size":2.8201284408569338,"orthographic":false}